Dr. Anil,Harisinghani,ENT,MBBS MD,10,1000,1200,9819340000
Dr. Deepika,Gangar,ENT,MBBS,10,0200,1800,9819340001
Dr. Jay,Chheda,Surgeon,MBBS PhD,11,0900,1200,9819340002
Dr. Lakshita,Khemlani,Surgeon,MBBS MD,11,1400,1700,9819340003
Dr. Sakshi,Harisinghani,GP,MBBS,12,1000,1300,9819340004
Dr. Yogesh,Shah,GP,MBBS MD,12,1700,2000,9819340005
Dr. Mayur,Jain,Cardiologist,MBBS MD,13,0900,1100,9819340006
Dr. Chronkar,Nandkumar,Cardiologist,MBBS MD,13,1300,1600,9819340007
Dr. Hasmukh,Ravat,Cardiologist,MBBS MD,13,1700,2100,9819340008
Dr. Vidhi,Prajapati,Ortho-dentist,BMBS,14,0900,1200,9819340009
Dr. Aayush,Chande,Ortho-dentist,DO ,14,1800,2000,9819340010
Dr. Sanskar,Mahuley,Pediatrician,BEMS,15,0900,1400,9819340011
Dr. Khushi ,Shah,Physiotherapist,MBBCh,15,1500,2000,9819340012
Dr. Pradhyumn ,Jhunjhunwala,Endocrinologist,MBBS MD,16,1000,1200,9819340013
Dr. Bhumi,Shah,Neurologist,MD,16,1300,1900,9819340014
Dr. Jyot,Dhami,Gyanacologist,MBBS,17,0800,1400,9819340015
Dr. Mahek,Agrawal,Gyanacologist,MBBS MD,17,1500,2100,9819340016
Dr. Shivani ,Sathye,Orthopedic,BEMS,18,0900,1100,9819340017
Dr. Ayush,Yadav,Orthopedic,MBBS,18,1300,1700,9819340018
Dr. Hitesh,Gangar,Audiologist,BEMS,19,0900,1200,9819340019
Dr. Amish,Thakkar,Radiologist,MBBCh,19,1800,2100,9819340020
Dr. Harshit,Jain,Oncologist,MBBS MD PhD,20,0900,2100,9819340021
Dr. Kashish,Harisinghani,Oncologist,MBBS MD PhD,21,0900,2100,9819340023
Dr. Shubh,Gangar,Oncologist,MBBS MD,22,0900,2100,9819340022
Manasi,Varaiya,Nurse,B Sc,23,1200,2400,9819340024
Vidhi,Shah,Nurse,B Sc,23,1200,2400,9819340025
Sneha,Kothi,Nurse,B Sc,23,1200,2400,9819340026
Bhairav,Narkhede,Nurse,B Sc,23,1200,2400,9819340027
Tanmay,Tete,Nurse,B Sc,23,1200,2400,9819340028
Sashank,MVV,Nurse,B Sc,23,0000,1200,9819340029
Nidhi,Bhanushali,Nurse,B Sc,23,0000,1200,9819340030
Pranav,Denani,Nurse,B Sc,23,0000,1200,9819340031
Kevin,Thakkar,Nurse,B Sc,23,0000,1200,9819340032
Jay,Jain,Nurse,B Sc,23,0000,1200,9819340033
